"timestamp","user_input","user_lang","translated_input","predicted_tag","response","feedback","confidence","detected_lang","translated_from"
"2025-09-09 16:48:00","hi","sw","Hi","unknown","ğŸ¤” I'm not sure I understand. Could you rephrase that?","","0.0","sw","sw"
"2025-09-09 16:50:52","hi","sw","Hi","unknown","â“ I didn't catch that. Can you provide more details?","","0.0","sw","sw"
"2025-09-09 17:20:20","hi","sw","Hi","unknown","ğŸ¤” I'm not sure I understand. Could you rephrase that?","","0.0","sw","sw"
"2025-09-09 17:20:28","time","sq","my","unknown","â“ I didn't catch that. Can you provide more details?","","0.0","sq","sq"
"2025-09-09 17:21:11","hi","sw","Hi","unknown","ğŸ¤”æˆ‘ä¸ç¡®å®šæˆ‘æ˜ç™½ã€‚ä½ èƒ½æ”¹å†™å—ï¼Ÿ","","0.0","sw","sw"
"2025-09-09 18:16:29","hi","sw","Hi","greeting","Hello! How can I help you today?","","0.5","sw","sw"
"2025-09-09 18:16:35","time","sq","my","unknown","ğŸ” I'm still learning. Could you try asking in a different way?","","0.0","sq","sq"
"2025-09-09 18:17:21","hi","sw","Hi","greeting","ä½ å¥½ï¼ä»Šå¤©æˆ‘è¯¥å¦‚ä½•å¸®åŠ©æ‚¨ï¼Ÿ","","0.5","sw","sw"
"2025-09-09 18:17:36","ä½ å¥½","zh-cn","Hello","greeting","ä½ å¥½ï¼ä»Šå¤©æˆ‘è¯¥å¦‚ä½•å¸®åŠ©æ‚¨ï¼Ÿ","","0.5","zh-cn","zh-cn"
